,_id,ltable_ID,rtable_ID,ltable_Title,ltable_Artist,ltable_Genre,rtable_Title,rtable_Artist,rtable_Genre,Match
81,81,912,2,reputation [Picture Disc] [2 LP] [LP] - VINYL,Taylor Swift,Pop,reputation,Taylor Swift,"Pop,Adult Contemporary,Pop/Rock,Dance-Pop,Teen Pop",1
88,88,516,5,Unapologetically [CD],Kelsea Ballerini,Country,Unapologetically,Kelsea Ballerini,"Pop,Country,Pop/Rock,Contemporary Country,Country-Pop",1
135,135,2304,8, The Neighbourhood [CD],The Neighbourhood,Electronic/Dance,The Neighbourhood,The Neighbourhood,"Pop,Electronic,Pop/Rock,Contemporary Pop/Rock,Left-Field Pop,Synthwave",1
155,155,1318,10,Thank You [CD],Meghan Trainor,Pop,Thank You,Meghan Trainor,"Pop,Pop/Rock,Dance-Pop,Teen Pop,Contemporary Pop/Rock",1
167,167,2188,10,Thank You [Deluxe Edition] [CD],Meghan Trainor,Pop,Thank You,Meghan Trainor,"Pop,Pop/Rock,Dance-Pop,Teen Pop,Contemporary Pop/Rock",1
273,273,4357,18,Mad Love [CD],JoJo,Pop,Mad Love,JoJo,"Pop,Pop/Rock,Dance-Pop",1
347,347,3686,22,So Good [CD] [PA],Zara Larsson,Electronic/Dance,So Good,Zara Larsson,"Pop,Electronic,Pop/Rock,Dance-Pop",1
652,652,3782,36,Sounds Good Feels Good [CD],5 Seconds of Summer,Pop,Sounds Good Feels Good,5 Seconds of Summer,"Pop,Pop/Rock,Teen Pop,Punk-Pop",1
670,670,274,37,A Fever You Can't Sweat Out [CD],Panic! At the Disco,Pop,Wiped Out!,The Neighbourhood,"Pop,Pop/Rock,Alternative/Indie Rock,Contemporary Pop/Rock,Left-Field Pop",0
686,686,3694,37,Fever You Can't Sweat Out [LP] - VINYL,Panic! At the Disco,Pop,Wiped Out!,The Neighbourhood,"Pop,Pop/Rock,Alternative/Indie Rock,Contemporary Pop/Rock,Left-Field Pop",0
692,692,1316,38,Purpose [CD],Justin Bieber,Pop,Purpose,Justin Bieber,"Pop,Pop/Rock,Dance-Pop",1
694,694,3351,38,Purpose [LP] - VINYL,Justin Bieber,Pop,Purpose,Justin Bieber,"Pop,Pop/Rock,Dance-Pop",1
742,742,4021,43,Wildfire [CD],Rachel Platten,Pop,Wildfire,Rachel Platten,"Pop,R&B,Folk,Pop/Rock,Adult Alternative Pop/Rock,Alternative/Indie Rock,Contemporary Singer/Songwriter",1
752,752,2057,44,This Is Acting [Deluxe Edition] [CD],Sia,Pop,This Is Acting,Sia,"Pop,Pop/Rock,Adult Alternative Pop/Rock,Alternative/Indie Rock,Alternative Singer/Songwriter,Left-Field Pop",1
766,766,3250,44,This Is Acting [CD],Sia,Pop,This Is Acting,Sia,"Pop,Pop/Rock,Adult Alternative Pop/Rock,Alternative/Indie Rock,Alternative Singer/Songwriter,Left-Field Pop",1
1578,1578,1295,48,Lukas Graham [CD],Lukas Graham,Pop,Lukas Graham,Lukas Graham,"Pop,Pop/Rock,Adult Alternative Pop/Rock,Alternative/Indie Rock,Contemporary Pop/Rock",1
2536,2536,239,65,Doors [50th Anniversary Remastered Edition] [1CD] [CD],The Doors,Pop,The Velvet Underground [45th Anniversary Super Deluxe Edition],The Velvet Underground,Pop,0
2539,2539,428,65,Sgt. Pepper's Lonely Hearts Club Band [50th Anniversary Edition 2 CD] [CD],The Beatles,Pop,The Velvet Underground [45th Anniversary Super Deluxe Edition],The Velvet Underground,Pop,0
2541,2541,512,65,Sgt. Pepper's Lonely Hearts Club Band [50th Anniversary Edition] [CD],The Beatles,Pop,The Velvet Underground [45th Anniversary Super Deluxe Edition],The Velvet Underground,Pop,0
2556,2556,2523,65,Pet Sounds [50th Anniversary Stereo Edition] [LP] - VINYL,The Beach Boys,Pop,The Velvet Underground [45th Anniversary Super Deluxe Edition],The Velvet Underground,Pop,0
2563,2563,3276,65,Sgt. Pepper's Lonely Hearts Club Band [50th Anniversary Edition Deluxe Version] [CD & DVD],The Beatles,Pop,The Velvet Underground [45th Anniversary Super Deluxe Edition],The Velvet Underground,Pop,0
2564,2564,3291,65,Sports! [30th Anniversary Deluxe Edition] [CD],Huey Lewis & the News,Pop,The Velvet Underground [45th Anniversary Super Deluxe Edition],The Velvet Underground,Pop,0
2606,2606,1124,65,The Resistance [Deluxe Edition] [CD],Crown the Empire,Pop,The Velvet Underground [45th Anniversary Super Deluxe Edition],The Velvet Underground,Pop,0
2613,2613,1543,65,Sticky Fingers [Deluxe Edition] [CD],The Rolling Stones,Pop,The Velvet Underground [45th Anniversary Super Deluxe Edition],The Velvet Underground,Pop,0
2619,2619,1850,65,Pure [Deluxe Remastered Reissue] [LP] - VINYL,The Jesus Lizard,Pop,The Velvet Underground [45th Anniversary Super Deluxe Edition],The Velvet Underground,Pop,0
2645,2645,3458,65,Special Beat Service [Deluxe Edition] [CD & DVD],The English Beat,Pop,The Velvet Underground [45th Anniversary Super Deluxe Edition],The Velvet Underground,Pop,0
2652,2652,3945,65,Strange Days [Deluxe Edition] [CD],The Doors,Pop,The Velvet Underground [45th Anniversary Super Deluxe Edition],The Velvet Underground,Pop,0
2666,2666,259,65,Heartbeat City [Expanded Edition] [CD],The Cars,Pop,The Velvet Underground [45th Anniversary Super Deluxe Edition],The Velvet Underground,Pop,0
2691,2691,2776,65,Documentary 2/2.5  [Collector's Edition] [CD] [PA],The Game,Pop,The Velvet Underground [45th Anniversary Super Deluxe Edition],The Velvet Underground,Pop,0
2720,2720,4124,65,Super Hits [CD],Gary Puckett & the Union Gap,Pop,The Velvet Underground [45th Anniversary Super Deluxe Edition],The Velvet Underground,Pop,0
2954,2954,424,73,Now That's What I Call Music! 64 [CD],Various Artists,Pop,PC Music Volume 1,Various Artists,"Pop,Electronic",0
2962,2962,626,73,Now That's What I Call Music! 62 [CD],Various Artists,Electronic/Dance,PC Music Volume 1,Various Artists,"Pop,Electronic",0
2966,2966,790,73,Now That's What I Call Music! 63 [CD],Various Artists,Pop,PC Music Volume 1,Various Artists,"Pop,Electronic",0
2980,2980,1067,73,Now That's What I Call Music! 59 [CD],Various Artists,Pop,PC Music Volume 1,Various Artists,"Pop,Electronic",0
2981,2981,1113,73,Now That's What I Call Music! 60 [Deluxe Edition] [CD],Various Artists,Pop,PC Music Volume 1,Various Artists,"Pop,Electronic",0
2984,2984,1164,73,Now That's What I Call Music! 60 [CD],Various Artists,Pop,PC Music Volume 1,Various Artists,"Pop,Electronic",0
3031,3031,2768,73,Now That's What I Call Music! 57 [CD],Various Artists,Pop,PC Music Volume 1,Various Artists,"Pop,Electronic",0
3035,3035,2918,73,Now That's What I Call Music! 55 [CD],Various Artists,Pop,PC Music Volume 1,Various Artists,"Pop,Electronic",0
3059,3059,3659,73,Wake Up You! Vol. 1 : The Rise & Fall of Nigerian Rock Music 1972-1977 [CD],Various Artists,Pop,PC Music Volume 1,Various Artists,"Pop,Electronic",0
3076,3076,4313,73,Now That's What I Call Music! 58 [16-Track CD] [CD],Various Artists,Pop,PC Music Volume 1,Various Artists,"Pop,Electronic",0
3089,3089,312,73,"Guardians of the Galaxy: Awesome Mix, Vol. 1 [Enhanced CD]",Various Artists,Pop,PC Music Volume 1,Various Artists,"Pop,Electronic",0
3109,3109,1012,73,"Frikyiwa Collection, Vol. 1 [CD]",Various Artists,Electronic/Dance,PC Music Volume 1,Various Artists,"Pop,Electronic",0
3233,3233,3696,78,Blue & Lonesome [LP] - VINYL,The Rolling Stones,Pop,"How Big, How Blue, How Beautiful",Florence + the Machine,"Pop,Pop/Rock,Adult Alternative Pop/Rock,Alternative/Indie Rock",0
3235,3235,3751,78,"How Big, How Blue, How Beautiful [Bonus Tracks] [CD]",Florence + the Machine,Pop,"How Big, How Blue, How Beautiful",Florence + the Machine,"Pop,Pop/Rock,Adult Alternative Pop/Rock,Alternative/Indie Rock",1
3246,3246,2845,78,Fifty Big Ones: Greatest Hits [CD],The Beach Boys,Pop,"How Big, How Blue, How Beautiful",Florence + the Machine,"Pop,Pop/Rock,Adult Alternative Pop/Rock,Alternative/Indie Rock",0
3261,3261,1488,78,How to Save a Life [CD],The Fray,Pop,"How Big, How Blue, How Beautiful",Florence + the Machine,"Pop,Pop/Rock,Adult Alternative Pop/Rock,Alternative/Indie Rock",0
3377,3377,1108,86,Pure Heroine [LP] - VINYL,Lorde,Pop,Pure Heroine,Lorde,"Pop,Pop/Rock",1
3553,3553,2771,100,Goodbye Yellow Brick Road [LP] - VINYL,Elton John,Pop,Goodbye Yellow Brick Road [40th Anniversary Edition],Elton John,Pop,1
3554,3554,3843,100,Goodbye Yellow Brick Road [CD],Elton John,Pop,Goodbye Yellow Brick Road [40th Anniversary Edition],Elton John,Pop,1
3800,3800,3358,102,In the Lonely Hour [Drowning Shadows Edition] [LP] - VINYL,Sam Smith,Pop,In the Lonely Hour,Sam Smith,"Pop,Adult Contemporary,Pop/Rock,Contemporary R&B,Left-Field Pop",1
3867,3867,701,107,x [CD],Ed Sheeran,Pop,X,Ed Sheeran,"Pop,Singer/Songwriter,Pop/Rock,Adult Alternative Pop/Rock,Alternative/Indie Rock,Contemporary Singer/Songwriter,Alternative Singer/Songwriter",1
3868,3868,718,107,x [Wembley Edition] [Deluxe Edition] [CD & DVD],Ed Sheeran,Pop,X,Ed Sheeran,"Pop,Singer/Songwriter,Pop/Rock,Adult Alternative Pop/Rock,Alternative/Indie Rock,Contemporary Singer/Songwriter,Alternative Singer/Songwriter",1
3870,3870,2002,107,x [2-LP] [LP] - VINYL,Ed Sheeran,Pop,X,Ed Sheeran,"Pop,Singer/Songwriter,Pop/Rock,Adult Alternative Pop/Rock,Alternative/Indie Rock,Contemporary Singer/Songwriter,Alternative Singer/Songwriter",1
4666,4666,4147,118,Unorthodox Jukebox [Clean] [CD],Bruno Mars,Pop,Unorthodox Jukebox,Bruno Mars,"Pop,R&B,Pop/Rock",1
4673,4673,1221,119,Native [Bonus Tracks] [2014] [CD],OneRepublic,Pop,Native,OneRepublic,"Pop,Pop/Rock,Alternative/Indie Rock,Alternative Pop/Rock,Contemporary Pop/Rock",1
4716,4716,969,122,The Shack: Music from and Inspired by the Original Motion Picture [CD],Various Artists,Country,The Great Gatsby [Music from Baz Luhrmann's Film],Various Artists,"Pop,Rap,Avant-Garde,Pop/Rock,Adult Alternative Pop/Rock,Alternative Pop/Rock,Contemporary Pop/Rock,Soundtracks,Stage & Screen,Pop-Rap",0
4760,4760,2345,122,Now That's What I Call Music! 56 [CD],Various Artists,Country,The Great Gatsby [Music from Baz Luhrmann's Film],Various Artists,"Pop,Rap,Avant-Garde,Pop/Rock,Adult Alternative Pop/Rock,Alternative Pop/Rock,Contemporary Pop/Rock,Soundtracks,Stage & Screen,Pop-Rap",0
4762,4762,2374,122,"The Microcosm: Visionary Music of Continental Europe, 1970-1986 [CD]",Various Artists,Avant-Garde,The Great Gatsby [Music from Baz Luhrmann's Film],Various Artists,"Pop,Rap,Avant-Garde,Pop/Rock,Adult Alternative Pop/Rock,Alternative Pop/Rock,Contemporary Pop/Rock,Soundtracks,Stage & Screen,Pop-Rap",0
4825,4825,1812,122,"Great Records of the Decade: 70's Hits Pop, Vol. 1 [CD]",Various Artists,Country,The Great Gatsby [Music from Baz Luhrmann's Film],Various Artists,"Pop,Rap,Avant-Garde,Pop/Rock,Adult Alternative Pop/Rock,Alternative Pop/Rock,Contemporary Pop/Rock,Soundtracks,Stage & Screen,Pop-Rap",0
4857,4857,4122,128,Wings Over America [Best Buy Exclusive] [CD],Paul McCartney,Pop,Wings Over America [Deluxe Edition],Paul McCartney & Wings,Pop,1
4858,4858,4189,128,Over the Bridge of Time: A Paul Simon Retrospective (1964-2011) [CD],Paul Simon,Pop,Wings Over America [Deluxe Edition],Paul McCartney & Wings,Pop,0
4860,4860,3382,128,Wings at the Speed of Sound [Bonus Tracks] [CD],Paul McCartney,Pop,Wings Over America [Deluxe Edition],Paul McCartney & Wings,Pop,0
5191,5191,2926,140,Dance Again...The Hits [CD],Jennifer Lopez,Pop,Dance Again...The Hits,Jennifer Lopez,"Pop,R&B",1
5593,5593,2933,153,One Night Only: The Greatest Hits [LP] - VINYL,Elton John,Pop,Good Morning to the Night,Elton John vs Pnau,"Pop,Electronic,Pop/Rock,Club/Dance",0
5620,5620,439,155,The  Truth About Love [CD] [PA],P!nk,Pop,The  Truth About Love,P!nk,"Pop,Pop/Rock,Dance-Pop,Contemporary Pop/Rock",1
5623,5623,1930,155,What About Us [CD],P!nk,Pop,The  Truth About Love,P!nk,"Pop,Pop/Rock,Dance-Pop,Contemporary Pop/Rock",0
5624,5624,2303,155,Truth About Love [LP] [PA],P!nk,Pop,The  Truth About Love,P!nk,"Pop,Pop/Rock,Dance-Pop,Contemporary Pop/Rock",1
5765,5765,2277,160,Red [CD],Taylor Swift,Country,Red,Taylor Swift,"Pop,Country,Pop/Rock,Teen Pop,Contemporary Country,Country-Pop",1
5938,5938,822,174,Ladies & Gentlemen: The Best of George Michael [CD],George Michael,R&B Soul,Michael,Michael Jackson,"Pop,R&B,Pop/Rock,Dance-Pop,Adult Contemporary R&B,Contemporary R&B",0
6057,6057,4193,179,Who You Are [Platinum Edition] [CD],Jessie J,Pop,Who You Are,Jessie J,"Pop,Singer/Songwriter,Pop/Rock",1
7203,7203,3121,199,Beatles: Stereo Box Set [180 Gram Vinyl] [Reissue] [LP] - VINYL,The Beatles,Pop,Made in California [Box Set],The Beach Boys,"Pop,Pop/Rock,Contemporary Pop/Rock,AM Pop,Early Pop/Rock,Sunshine Pop,Surf",0
7471,7471,214,219,Just Dance [Remix] [CD],Lady Gaga,Pop,The Remix,Lady Gaga,"Pop,Electronic,R&B,Urban,Pop/Rock,Dance-Pop,Club/Dance",0
7627,7627,4117,222,Speak Now [Deluxe Edition] [CD],Taylor Swift,Country,Speak Now,Taylor Swift,"Pop,Country,Pop/Rock,Contemporary Country",1
7682,7682,3549,223,Earth Is Not A Cold Dead Place [LP] - VINYL,Explosions in the Sky,Pop,Earth vs. the Pipettes,The Pipettes,"Pop,Pop/Rock,Alternative/Indie Rock,Alternative Dance",0
7713,7713,2884,224,Hands All Over [Bonus Track] [CD],Maroon 5,Pop,Hands All Over,Maroon 5,"Pop,Pop/Rock,Adult Alternative Pop/Rock,Alternative/Indie Rock,Contemporary Pop/Rock",1
7922,7922,880,231,Cryptoriana: The Seductiveness of Decay [CD],Cradle of Filth,Pop,5 Seconds of Summer,5 Seconds of Summer,"Pop,Pop/Rock,Teen Pop,Punk-Pop",0
8070,8070,1929,231,Kee of Hearts [CD],Kee of Hearts,Pop,5 Seconds of Summer,5 Seconds of Summer,"Pop,Pop/Rock,Teen Pop,Punk-Pop",0
8071,8071,1951,231,The  Disfigurement of Existence [CD],Signs of the Swarm,Pop,5 Seconds of Summer,5 Seconds of Summer,"Pop,Pop/Rock,Teen Pop,Punk-Pop",0
8094,8094,2147,231,Blood of My Enemy [CD],Winds of Plague,Pop,5 Seconds of Summer,5 Seconds of Summer,"Pop,Pop/Rock,Teen Pop,Punk-Pop",0
8319,8319,3845,231,Temple of the Dog [CD],Temple of the Dog,Pop,5 Seconds of Summer,5 Seconds of Summer,"Pop,Pop/Rock,Teen Pop,Punk-Pop",0
9163,9163,3421,234,All Four One [CD],The Motels,Pop,"Fixin' The Charts, Volume One",Everybody Was In The French Resistance...Now,"Rock,Pop",0
9485,9485,2478,243,Back to Front: Live in London [Video] [Blu-Ray Disc],Peter Gabriel,Pop,Scratch My Back,Peter Gabriel,"Rock,Pop",0
9531,9531,326,246,Best of the Mamas & the Papas: 20th Century Masters [CD],The Mamas & the Papas,Pop,"Interpreting The Masters, Volume 1: A Tribute to Daryl Hall And John Oates",The Bird And The Bee,"Rock,Pop",0
9551,9551,4279,246,20th Century Masters: The Millennium Collection: Best of the Moody Blues [CD],The Moody Blues,Pop,"Interpreting The Masters, Volume 1: A Tribute to Daryl Hall And John Oates",The Bird And The Bee,"Rock,Pop",0
9589,9589,690,246,1 [LP] - VINYL,The Beatles,Pop,"Interpreting The Masters, Volume 1: A Tribute to Daryl Hall And John Oates",The Bird And The Bee,"Rock,Pop",0
9621,9621,2883,246,"Prevail, Vol. 1 [CD]",Kobra and the Lotus,Pop,"Interpreting The Masters, Volume 1: A Tribute to Daryl Hall And John Oates",The Bird And The Bee,"Rock,Pop",0
9636,9636,3763,246,"The Traveling Wilburys, Vol. 1 [CD]",The Traveling Wilburys,Pop,"Interpreting The Masters, Volume 1: A Tribute to Daryl Hall And John Oates",The Bird And The Bee,"Rock,Pop",0
9645,9645,4043,246,1+ [CD/2-Blu-Ray] [CD & Blu-Ray],The Beatles,Pop,"Interpreting The Masters, Volume 1: A Tribute to Daryl Hall And John Oates",The Bird And The Bee,"Rock,Pop",0
10002,10002,1085,261,After Laughter [CD],Paramore,Pop,After Laughter,Paramore,"Pop,Pop/Rock,Alternative/Indie Rock,Emo-Pop,Left-Field Pop",1
10010,10010,3711,261,After Laughter [LP] - VINYL,Paramore,Pop,After Laughter,Paramore,"Pop,Pop/Rock,Alternative/Indie Rock,Emo-Pop,Left-Field Pop",1
10698,10698,271,271,The Fame [Bonus Track] [CD],Lady Gaga,Pop,The Fame Monster,Lady Gaga,"Rock,Dance,Pop",1
11710,11710,1632,288,Reality [CD],David Bowie,Pop,A Reality Tour,David Bowie,"Rock,Pop",1
12480,12480,268,293,Playlist: The Very Best of the Guess Who [CD],The Guess Who,Pop,Who I Am,Nick Jonas And The Administration,"Rock,Pop",0
12490,12490,3666,295,Beautiful Trauma [LP] - VINYL,P!nk,Pop,Beautiful Trauma,P!nk,"Pop,R&B,Pop/Rock,Dance-Pop,Contemporary Pop/Rock",1
14561,14561,3687,311,Rage Against the Machine XX [20th Anniversary Edition] [CD] [PA],Rage Against the Machine,Pop,xx,The xx,"Indie,Rock,Pop",0
14614,14614,4115,312,Love & Hate [CD],Michael Kiwanuka,Pop,Crazy Love,Michael Buble,"Pop,Vocal",0
14964,14964,424,324,Now That's What I Call Music! 64 [CD],Various Artists,Pop,"Glee: The Music, Volume 1",Various Artists,"Pop,Soundtrack,Vocal",0
14976,14976,790,324,Now That's What I Call Music! 63 [CD],Various Artists,Pop,"Glee: The Music, Volume 1",Various Artists,"Pop,Soundtrack,Vocal",0
14990,14990,1067,324,Now That's What I Call Music! 59 [CD],Various Artists,Pop,"Glee: The Music, Volume 1",Various Artists,"Pop,Soundtrack,Vocal",0
14991,14991,1113,324,Now That's What I Call Music! 60 [Deluxe Edition] [CD],Various Artists,Pop,"Glee: The Music, Volume 1",Various Artists,"Pop,Soundtrack,Vocal",0
14992,14992,1114,324,Stranger Things [Music From the Netflix Original Series] [LP] - VINYL,Various Artists,Soundtracks & Shows,"Glee: The Music, Volume 1",Various Artists,"Pop,Soundtrack,Vocal",0
14994,14994,1164,324,Now That's What I Call Music! 60 [CD],Various Artists,Pop,"Glee: The Music, Volume 1",Various Artists,"Pop,Soundtrack,Vocal",0
15041,15041,2768,324,Now That's What I Call Music! 57 [CD],Various Artists,Pop,"Glee: The Music, Volume 1",Various Artists,"Pop,Soundtrack,Vocal",0
15069,15069,3659,324,Wake Up You! Vol. 1 : The Rise & Fall of Nigerian Rock Music 1972-1977 [CD],Various Artists,Pop,"Glee: The Music, Volume 1",Various Artists,"Pop,Soundtrack,Vocal",0
15106,15106,689,324,"Guardians of the Galaxy: Awesome Mix, Vol. 1 [LP] - VINYL",Various Artists,Soundtracks & Shows,"Glee: The Music, Volume 1",Various Artists,"Pop,Soundtrack,Vocal",0
16284,16284,1082,351,The Time of Our Lives [CD],Miley Cyrus,Pop,The Time Of Our Lives [EP],Miley Cyrus,"Rock,Pop",1
18063,18063,784,381,Siamese Dream [LP] - VINYL,The Smashing Pumpkins,Pop,Walking On A Dream,Empire of the Sun,"Pop,Electronic",0
18436,18436,221,396,Sounds of Summer: The Very Best of the Beach Boys [CD],The Beach Boys,Pop,Law Of The Playground,The Boy Least Likely To,"Indie,Rock,Pop",0
18440,18440,241,396,The Punishment of Luxury [CD],Orchestral Manoeuvres in the Dark,Pop,Law Of The Playground,The Boy Least Likely To,"Indie,Rock,Pop",0
18446,18446,258,396,Time Flies: The Best of Huey Lewis & the News [CD],Huey Lewis & the News,Pop,Law Of The Playground,The Boy Least Likely To,"Indie,Rock,Pop",0
18456,18456,326,396,Best of the Mamas & the Papas: 20th Century Masters [CD],The Mamas & the Papas,Pop,Law Of The Playground,The Boy Least Likely To,"Indie,Rock,Pop",0
18475,18475,429,396,The Battle of Los Angeles [CD] [PA],Rage Against the Machine,Pop,Law Of The Playground,The Boy Least Likely To,"Indie,Rock,Pop",0
18507,18507,600,396,Death of a Bachelor [LP] - VINYL,Panic! At the Disco,Pop,Law Of The Playground,The Boy Least Likely To,"Indie,Rock,Pop",0
18527,18527,710,396,Moving in Stereo: The Best of the Cars [LP] - VINYL,The Cars,Pop,Law Of The Playground,The Boy Least Likely To,"Indie,Rock,Pop",0
18610,18610,1305,396,Best of the Knack [CD],The Knack,Pop,Law Of The Playground,The Boy Least Likely To,"Indie,Rock,Pop",0
18622,18622,1380,396,Moving in Stereo: The Best of the Cars [CD],The Cars,Pop,Law Of The Playground,The Boy Least Likely To,"Indie,Rock,Pop",0
18639,18639,1546,396,Days of Future Passed: Live [CD],The Moody Blues,Pop,Law Of The Playground,The Boy Least Likely To,"Indie,Rock,Pop",0
18660,18660,1675,396,Big Innings: The Best of the Outfield [CD],The Outfield,Pop,Law Of The Playground,The Boy Least Likely To,"Indie,Rock,Pop",0
18661,18661,1676,396,The Very Best of the Rascals [Rhino] [CD],The Rascals,Pop,Law Of The Playground,The Boy Least Likely To,"Indie,Rock,Pop",0
18674,18674,1720,396,Best of OMD [UK Bonus Tracks] [CD],Orchestral Manoeuvres in the Dark,Pop,Law Of The Playground,The Boy Least Likely To,"Indie,Rock,Pop",0
18675,18675,1722,396,The Very Best of Tommy James & the Shondells [CD],Tommy James & the Shondells,Pop,Law Of The Playground,The Boy Least Likely To,"Indie,Rock,Pop",0
18676,18676,1738,396,The Very Best of the Doors [2007 2-CD] [CD],The Doors,Pop,Law Of The Playground,The Boy Least Likely To,"Indie,Rock,Pop",0
18690,18690,1877,396,Days of Future Passed [LP] - VINYL,The Moody Blues,Pop,Law Of The Playground,The Boy Least Likely To,"Indie,Rock,Pop",0
18691,18691,1880,396,96 Tears: The Very Best of Question Mark & the Mysterians [CD],? & the Mysterians,Pop,Law Of The Playground,The Boy Least Likely To,"Indie,Rock,Pop",0
18710,18710,2013,396,Death of a Bachelor [CD],Panic! At the Disco,Pop,Law Of The Playground,The Boy Least Likely To,"Indie,Rock,Pop",0
18750,18750,2356,396,Through the Years: The Best of the Fray [CD],The Fray,Pop,Law Of The Playground,The Boy Least Likely To,"Indie,Rock,Pop",0
18818,18818,2837,396,The Very Best of the Righteous Brothers: Unchained Melody [CD],The Righteous Brothers,Pop,Law Of The Playground,The Boy Least Likely To,"Indie,Rock,Pop",0
18829,18829,2936,396,The Very Best of Adam & the Ants: Stand & Deliver [CD],Adam and the Ants,Pop,Law Of The Playground,The Boy Least Likely To,"Indie,Rock,Pop",0
18830,18830,2949,396,The  Boys of Zummer Tour: Live in Chicago [DVD],Fall Out Boy,Pop,Law Of The Playground,The Boy Least Likely To,"Indie,Rock,Pop",0
18892,18892,3430,396,Playlist: The Very Best of the Turtles [CD],The Turtles,Pop,Law Of The Playground,The Boy Least Likely To,"Indie,Rock,Pop",0
18924,18924,3674,396,The Very Best of Frankie Valli & the Four Seasons [Rhino 2002] [CD],Frankie Valli & the Four Seasons,Pop,Law Of The Playground,The Boy Least Likely To,"Indie,Rock,Pop",0
18952,18952,3845,396,Temple of the Dog [CD],Temple of the Dog,Pop,Law Of The Playground,The Boy Least Likely To,"Indie,Rock,Pop",0
18953,18953,3848,396,Come on Get Happy: Very Best of Partridge Family [Remastered] [CD],The Partridge Family,Pop,Law Of The Playground,The Boy Least Likely To,"Indie,Rock,Pop",0
18963,18963,3941,396,The Resistance: Rise of the Runaways [CD],Crown the Empire,Pop,Law Of The Playground,The Boy Least Likely To,"Indie,Rock,Pop",0
18980,18980,4052,396,The Age of Absurdity [CD],Phil Campbell & the Bastard Sons,Pop,Law Of The Playground,The Boy Least Likely To,"Indie,Rock,Pop",0
18981,18981,4060,396,Jump Back: The Best of the Rolling Stones (1971-1993) [CD],The Rolling Stones,Pop,Law Of The Playground,The Boy Least Likely To,"Indie,Rock,Pop",0
18993,18993,4160,396,In Search of the Lost Chord [US 2008 Bonus Tracks] [CD],The Moody Blues,Pop,Law Of The Playground,The Boy Least Likely To,"Indie,Rock,Pop",0
19006,19006,4209,396,Let It Rock: The Best of the Georgia Satellites [CD],The Georgia Satellites,Pop,Law Of The Playground,The Boy Least Likely To,"Indie,Rock,Pop",0
19087,19087,2173,398,I See You [CD],The xx,Pop,I Have Hands,The Bran Flakes,"Indie,Rock,Pop",0
19094,19094,2781,398,I Am Human [CD],Escape the Fate,Pop,I Have Hands,The Bran Flakes,"Indie,Rock,Pop",0
19947,19947,3245,439,Day & Age [LP] - VINYL,The Killers,Pop,Day & Age,The Killers,"Rock,Pop",1
19950,19950,4052,439,The Age of Absurdity [CD],Phil Campbell & the Bastard Sons,Pop,Day & Age,The Killers,"Rock,Pop",0
20202,20202,2173,446,I See You [CD],The xx,Pop,I Think We're Gonna Need A Bigger Boat,The BPA (Brighton Port Authority),"Indie,Rock,Pop",0
20226,20226,3862,446,No Need to Argue [The Complete Sessions 1994-1995] [CD],The Cranberries,Pop,I Think We're Gonna Need A Bigger Boat,The BPA (Brighton Port Authority),"Indie,Rock,Pop",0
20227,20227,4204,446,No Need to Argue [LP] - VINYL,The Cranberries,Pop,I Think We're Gonna Need A Bigger Boat,The BPA (Brighton Port Authority),"Indie,Rock,Pop",0
20254,20254,2399,447,Light Me Up [Bonus Track] [CD],The Pretty Reckless,Pop,The Crying Light,Antony and the Johnsons,"Indie,Rock,Pop",0
20304,20304,271,453,The Fame [Bonus Track] [CD],Lady Gaga,Pop,The Fame,Lady Gaga,"Rock,Dance,Pop",1
20305,20305,1388,453,The Fame [LP] - VINYL,Lady Gaga,Pop,The Fame,Lady Gaga,"Rock,Dance,Pop",1
20306,20306,3379,453,The Fame Monster [Deluxe Edition] [CD],Lady Gaga,Pop,The Fame,Lady Gaga,"Rock,Dance,Pop",1
20976,20976,3939,459,"Rock 'n Soul, Pt. 1 [Bonus Tracks] [CD]",Daryl Hall & John Oates,Pop,Seaside Rock,Peter Bjorn and John,"Indie,Rock,Pop",0
22293,22293,3421,489,All Four One [CD],The Motels,Pop,All Or Nothing,The Subways,"Rock,Pop",0
22295,22295,3441,489,All Time Greatest Hits [CD],The Grass Roots,Pop,All Or Nothing,The Subways,"Rock,Pop",0
22304,22304,828,489,What If Nothing [CD],Walk the Moon,Pop,All Or Nothing,The Subways,"Rock,Pop",0
23079,23079,4060,507,Jump Back: The Best of the Rolling Stones (1971-1993) [CD],The Rolling Stones,Pop,Beating Back The Claws Of The Cold,The Pica Beats,"Indie,Rock,Pop",0
23123,23123,241,507,The Punishment of Luxury [CD],Orchestral Manoeuvres in the Dark,Pop,Beating Back The Claws Of The Cold,The Pica Beats,"Indie,Rock,Pop",0
23129,23129,258,507,Time Flies: The Best of Huey Lewis & the News [CD],Huey Lewis & the News,Pop,Beating Back The Claws Of The Cold,The Pica Beats,"Indie,Rock,Pop",0
23130,23130,268,507,Playlist: The Very Best of the Guess Who [CD],The Guess Who,Pop,Beating Back The Claws Of The Cold,The Pica Beats,"Indie,Rock,Pop",0
23139,23139,326,507,Best of the Mamas & the Papas: 20th Century Masters [CD],The Mamas & the Papas,Pop,Beating Back The Claws Of The Cold,The Pica Beats,"Indie,Rock,Pop",0
23143,23143,343,507,The Very Best of the Rolling Stones 1964-1971 [CD],The Rolling Stones,Pop,Beating Back The Claws Of The Cold,The Pica Beats,"Indie,Rock,Pop",0
23292,23292,1305,507,Best of the Knack [CD],The Knack,Pop,Beating Back The Claws Of The Cold,The Pica Beats,"Indie,Rock,Pop",0
23321,23321,1546,507,Days of Future Passed: Live [CD],The Moody Blues,Pop,Beating Back The Claws Of The Cold,The Pica Beats,"Indie,Rock,Pop",0
23342,23342,1675,507,Big Innings: The Best of the Outfield [CD],The Outfield,Pop,Beating Back The Claws Of The Cold,The Pica Beats,"Indie,Rock,Pop",0
23343,23343,1676,507,The Very Best of the Rascals [Rhino] [CD],The Rascals,Pop,Beating Back The Claws Of The Cold,The Pica Beats,"Indie,Rock,Pop",0
23356,23356,1720,507,Best of OMD [UK Bonus Tracks] [CD],Orchestral Manoeuvres in the Dark,Pop,Beating Back The Claws Of The Cold,The Pica Beats,"Indie,Rock,Pop",0
23357,23357,1722,507,The Very Best of Tommy James & the Shondells [CD],Tommy James & the Shondells,Pop,Beating Back The Claws Of The Cold,The Pica Beats,"Indie,Rock,Pop",0
23358,23358,1738,507,The Very Best of the Doors [2007 2-CD] [CD],The Doors,Pop,Beating Back The Claws Of The Cold,The Pica Beats,"Indie,Rock,Pop",0
23372,23372,1877,507,Days of Future Passed [LP] - VINYL,The Moody Blues,Pop,Beating Back The Claws Of The Cold,The Pica Beats,"Indie,Rock,Pop",0
23386,23386,1951,507,The  Disfigurement of Existence [CD],Signs of the Swarm,Pop,Beating Back The Claws Of The Cold,The Pica Beats,"Indie,Rock,Pop",0
23392,23392,2013,507,Death of a Bachelor [CD],Panic! At the Disco,Pop,Beating Back The Claws Of The Cold,The Pica Beats,"Indie,Rock,Pop",0
23432,23432,2356,507,Through the Years: The Best of the Fray [CD],The Fray,Pop,Beating Back The Claws Of The Cold,The Pica Beats,"Indie,Rock,Pop",0
23462,23462,2575,507,The Very Best of Jay & the Americans [CD],Jay & the Americans,Pop,Beating Back The Claws Of The Cold,The Pica Beats,"Indie,Rock,Pop",0
23500,23500,2837,507,The Very Best of the Righteous Brothers: Unchained Melody [CD],The Righteous Brothers,Pop,Beating Back The Claws Of The Cold,The Pica Beats,"Indie,Rock,Pop",0
23511,23511,2936,507,The Very Best of Adam & the Ants: Stand & Deliver [CD],Adam and the Ants,Pop,Beating Back The Claws Of The Cold,The Pica Beats,"Indie,Rock,Pop",0
23552,23552,3286,507,City of Sound [CD],The Revivalists,Pop,Beating Back The Claws Of The Cold,The Pica Beats,"Indie,Rock,Pop",0
23565,23565,3363,507,The Punishment of Luxury: B Sides & Bonus Material [CD],Orchestral Manoeuvres in the Dark,Pop,Beating Back The Claws Of The Cold,The Pica Beats,"Indie,Rock,Pop",0
23574,23574,3430,507,Playlist: The Very Best of the Turtles [CD],The Turtles,Pop,Beating Back The Claws Of The Cold,The Pica Beats,"Indie,Rock,Pop",0
23606,23606,3674,507,The Very Best of Frankie Valli & the Four Seasons [Rhino 2002] [CD],Frankie Valli & the Four Seasons,Pop,Beating Back The Claws Of The Cold,The Pica Beats,"Indie,Rock,Pop",0
23634,23634,3845,507,Temple of the Dog [CD],Temple of the Dog,Pop,Beating Back The Claws Of The Cold,The Pica Beats,"Indie,Rock,Pop",0
23635,23635,3848,507,Come on Get Happy: Very Best of Partridge Family [Remastered] [CD],The Partridge Family,Pop,Beating Back The Claws Of The Cold,The Pica Beats,"Indie,Rock,Pop",0
23662,23662,4052,507,The Age of Absurdity [CD],Phil Campbell & the Bastard Sons,Pop,Beating Back The Claws Of The Cold,The Pica Beats,"Indie,Rock,Pop",0
23673,23673,4157,507,The Best of KC and the Sunshine Band [CD],KC & the Sunshine Band,Pop,Beating Back The Claws Of The Cold,The Pica Beats,"Indie,Rock,Pop",0
23674,23674,4160,507,In Search of the Lost Chord [US 2008 Bonus Tracks] [CD],The Moody Blues,Pop,Beating Back The Claws Of The Cold,The Pica Beats,"Indie,Rock,Pop",0
23686,23686,4208,507,Elektra Years: 1978-1987 [Six-LP Set of Colored Vinyl] [LP] - VINYL,The Cars,Pop,Beating Back The Claws Of The Cold,The Pica Beats,"Indie,Rock,Pop",0
23687,23687,4209,507,Let It Rock: The Best of the Georgia Satellites [CD],The Georgia Satellites,Pop,Beating Back The Claws Of The Cold,The Pica Beats,"Indie,Rock,Pop",0
23703,23703,4279,507,20th Century Masters: The Millennium Collection: Best of the Moody Blues [CD],The Moody Blues,Pop,Beating Back The Claws Of The Cold,The Pica Beats,"Indie,Rock,Pop",0
23716,23716,3549,507,Earth Is Not A Cold Dead Place [LP] - VINYL,Explosions in the Sky,Pop,Beating Back The Claws Of The Cold,The Pica Beats,"Indie,Rock,Pop",0
23750,23750,168,512,The Best of John Denver Live [CD],John Denver,Pop,John & Jehn,John & Jehn,"Rock,Pop",1
23752,23752,1033,512,The Essential Daryl Hall & John Oates [CD],Daryl Hall & John Oates,Pop,John & Jehn,John & Jehn,"Rock,Pop",0
23753,23753,1083,512,The Very Best of Daryl Hall & John Oates [CD],Daryl Hall & John Oates,Pop,John & Jehn,John & Jehn,"Rock,Pop",0
23754,23754,1397,512,Where the Light Is: John Mayer Live in Los Angeles [LP] - VINYL,John Mayer,Pop,John & Jehn,John & Jehn,"Rock,Pop",0
23757,23757,3117,512,The Long Road Home: The Ultimate John Fogerty/Creedence Collection [CD] [PA],John Fogerty,Pop,John & Jehn,John & Jehn,"Rock,Pop",0
24496,24496,828,523,What If Nothing [CD],Walk the Moon,Pop,We Started Nothing,The Ting Tings,"Rock,Pop",0
24501,24501,1079,523,"Everybody Else Is Doing It, So Why Can't We? [180-Gram Vinyl LP] [LP] - VINYL",The Cranberries,Pop,We Started Nothing,The Ting Tings,"Rock,Pop",0
24579,24579,1909,526,Until You Find Your Green [LP] - VINYL,The Baird Sisters,Pop,See You Happy,Ponies In The Surf,"Indie,Rock,Pop",0
24583,24583,2173,526,I See You [CD],The xx,Pop,See You Happy,Ponies In The Surf,"Indie,Rock,Pop",0
24594,24594,3238,526,If You Can Believe Your Eyes and Ears [CD],The Mamas & the Papas,Pop,See You Happy,Ponies In The Surf,"Indie,Rock,Pop",0
24622,24622,826,530,19 [Limited Edition] [LP] - VINYL,Adele,Pop,19,Adele,"Rock,Pop",1
25201,25201,2831,534,Playlist: The Very Best of Steve Perry [CD],Steve Perry,Pop,One Of The Boys,Katy Perry,"Rock,Pop",0
25438,25438,690,537,1 [LP] - VINYL,The Beatles,Pop,Volume 1: Frozen Ropes and Dying Quails,The Baseball Project,"Rock,Pop",0
25470,25470,2883,537,"Prevail, Vol. 1 [CD]",Kobra and the Lotus,Pop,Volume 1: Frozen Ropes and Dying Quails,The Baseball Project,"Rock,Pop",0
25485,25485,3763,537,"The Traveling Wilburys, Vol. 1 [CD]",The Traveling Wilburys,Pop,Volume 1: Frozen Ropes and Dying Quails,The Baseball Project,"Rock,Pop",0
25494,25494,4043,537,1+ [CD/2-Blu-Ray] [CD & Blu-Ray],The Beatles,Pop,Volume 1: Frozen Ropes and Dying Quails,The Baseball Project,"Rock,Pop",0
25571,25571,1488,544,How to Save a Life [CD],The Fray,Pop,Life With You,The Proclaimers,"Rock,Pop",0
25592,25592,274,544,A Fever You Can't Sweat Out [CD],Panic! At the Disco,Pop,Life With You,The Proclaimers,"Rock,Pop",0
25614,25614,1909,544,Until You Find Your Green [LP] - VINYL,The Baird Sisters,Pop,Life With You,The Proclaimers,"Rock,Pop",0
25628,25628,3238,544,If You Can Believe Your Eyes and Ears [CD],The Mamas & the Papas,Pop,Life With You,The Proclaimers,"Rock,Pop",0
25629,25629,3348,544,If You Can Believe Your Eyes and Ears [CD],The Mamas & the Papas,Pop,Life With You,The Proclaimers,"Rock,Pop",0
25634,25634,3694,544,Fever You Can't Sweat Out [LP] - VINYL,Panic! At the Disco,Pop,Life With You,The Proclaimers,"Rock,Pop",0
26280,26280,4189,548,Over the Bridge of Time: A Paul Simon Retrospective (1964-2011) [CD],Paul Simon,Pop,This Kind Of Love,Carly Simon,"Rock,Pop",0
27158,27158,3969,557,Some People Have Real Problems [CD],Sia,Pop,Some People Have Real Problems,Sia,"Rock,Pop",1
27899,27899,4160,562,In Search of the Lost Chord [US 2008 Bonus Tracks] [CD],The Moody Blues,Pop,Join With Us,The Feeling,"Rock,Pop",0
27957,27957,3424,568,Sawdust [LP] - VINYL,The Killers,Pop,Sawdust,The Killers,"Rock,Pop",1
30341,30341,1079,595,"Everybody Else Is Doing It, So Why Can't We? [180-Gram Vinyl LP] [LP] - VINYL",The Cranberries,Pop,We Are The Pipettes,The Pipettes,"Rock,Pop",0
30521,30521,2194,607,Double Dutchess [CD] [PA],Fergie,Pop,The Dutchess,Fergie,"Pop,R&B",1
30522,30522,3943,607,The Dutchess [CD] [PA],Fergie,Pop,The Dutchess,Fergie,"Pop,R&B",1
31057,31057,1540,629,I'm Not Dead [CD] [PA],P!nk,Pop,I'm Not Dead,P!nk,Pop,1
31194,31194,2883,633,"Prevail, Vol. 1 [CD]",Kobra and the Lotus,Pop,Under The Covers Vol. 1,Matthew Sweet and Susanna Hoffs,"Rock,Pop",0
31368,31368,2574,634,The Who by Numbers [CD],The Who,Pop,The Magic Numbers,The Magic Numbers,"Indie,Pop",0
31859,31859,1488,645,How to Save a Life [CD],The Fray,Pop,The Secret Life Of The Veronicas,The Veronicas,"Rock,Pop",0
31915,31915,221,645,Sounds of Summer: The Very Best of the Beach Boys [CD],The Beach Boys,Pop,The Secret Life Of The Veronicas,The Veronicas,"Rock,Pop",0
31919,31919,241,645,The Punishment of Luxury [CD],Orchestral Manoeuvres in the Dark,Pop,The Secret Life Of The Veronicas,The Veronicas,"Rock,Pop",0
31925,31925,258,645,Time Flies: The Best of Huey Lewis & the News [CD],Huey Lewis & the News,Pop,The Secret Life Of The Veronicas,The Veronicas,"Rock,Pop",0
31926,31926,268,645,Playlist: The Very Best of the Guess Who [CD],The Guess Who,Pop,The Secret Life Of The Veronicas,The Veronicas,"Rock,Pop",0
31935,31935,326,645,Best of the Mamas & the Papas: 20th Century Masters [CD],The Mamas & the Papas,Pop,The Secret Life Of The Veronicas,The Veronicas,"Rock,Pop",0
31939,31939,343,645,The Very Best of the Rolling Stones 1964-1971 [CD],The Rolling Stones,Pop,The Secret Life Of The Veronicas,The Veronicas,"Rock,Pop",0
31954,31954,429,645,The Battle of Los Angeles [CD] [PA],Rage Against the Machine,Pop,The Secret Life Of The Veronicas,The Veronicas,"Rock,Pop",0
31985,31985,600,645,Death of a Bachelor [LP] - VINYL,Panic! At the Disco,Pop,The Secret Life Of The Veronicas,The Veronicas,"Rock,Pop",0
32086,32086,1305,645,Best of the Knack [CD],The Knack,Pop,The Secret Life Of The Veronicas,The Veronicas,"Rock,Pop",0
32098,32098,1380,645,Moving in Stereo: The Best of the Cars [CD],The Cars,Pop,The Secret Life Of The Veronicas,The Veronicas,"Rock,Pop",0
32114,32114,1548,645,20th Century Masters - The Millennium Collection: The Best of the Grass Roots [CD],The Grass Roots,Pop,The Secret Life Of The Veronicas,The Veronicas,"Rock,Pop",0
32134,32134,1675,645,Big Innings: The Best of the Outfield [CD],The Outfield,Pop,The Secret Life Of The Veronicas,The Veronicas,"Rock,Pop",0
32135,32135,1676,645,The Very Best of the Rascals [Rhino] [CD],The Rascals,Pop,The Secret Life Of The Veronicas,The Veronicas,"Rock,Pop",0
32148,32148,1720,645,Best of OMD [UK Bonus Tracks] [CD],Orchestral Manoeuvres in the Dark,Pop,The Secret Life Of The Veronicas,The Veronicas,"Rock,Pop",0
32149,32149,1722,645,The Very Best of Tommy James & the Shondells [CD],Tommy James & the Shondells,Pop,The Secret Life Of The Veronicas,The Veronicas,"Rock,Pop",0
32163,32163,1877,645,Days of Future Passed [LP] - VINYL,The Moody Blues,Pop,The Secret Life Of The Veronicas,The Veronicas,"Rock,Pop",0
32164,32164,1880,645,96 Tears: The Very Best of Question Mark & the Mysterians [CD],? & the Mysterians,Pop,The Secret Life Of The Veronicas,The Veronicas,"Rock,Pop",0
32177,32177,1951,645,The  Disfigurement of Existence [CD],Signs of the Swarm,Pop,The Secret Life Of The Veronicas,The Veronicas,"Rock,Pop",0
32182,32182,2013,645,Death of a Bachelor [CD],Panic! At the Disco,Pop,The Secret Life Of The Veronicas,The Veronicas,"Rock,Pop",0
32221,32221,2356,645,Through the Years: The Best of the Fray [CD],The Fray,Pop,The Secret Life Of The Veronicas,The Veronicas,"Rock,Pop",0
32288,32288,2837,645,The Very Best of the Righteous Brothers: Unchained Melody [CD],The Righteous Brothers,Pop,The Secret Life Of The Veronicas,The Veronicas,"Rock,Pop",0
32299,32299,2936,645,The Very Best of Adam & the Ants: Stand & Deliver [CD],Adam and the Ants,Pop,The Secret Life Of The Veronicas,The Veronicas,"Rock,Pop",0
32340,32340,3286,645,City of Sound [CD],The Revivalists,Pop,The Secret Life Of The Veronicas,The Veronicas,"Rock,Pop",0
32352,32352,3363,645,The Punishment of Luxury: B Sides & Bonus Material [CD],Orchestral Manoeuvres in the Dark,Pop,The Secret Life Of The Veronicas,The Veronicas,"Rock,Pop",0
32361,32361,3430,645,Playlist: The Very Best of the Turtles [CD],The Turtles,Pop,The Secret Life Of The Veronicas,The Veronicas,"Rock,Pop",0
32374,32374,3530,645,The Punishment of Luxury [CD & DVD],Orchestral Manoeuvres in the Dark,Pop,The Secret Life Of The Veronicas,The Veronicas,"Rock,Pop",0
32393,32393,3674,645,The Very Best of Frankie Valli & the Four Seasons [Rhino 2002] [CD],Frankie Valli & the Four Seasons,Pop,The Secret Life Of The Veronicas,The Veronicas,"Rock,Pop",0
32422,32422,3848,645,Come on Get Happy: Very Best of Partridge Family [Remastered] [CD],The Partridge Family,Pop,The Secret Life Of The Veronicas,The Veronicas,"Rock,Pop",0
32432,32432,3941,645,The Resistance: Rise of the Runaways [CD],Crown the Empire,Pop,The Secret Life Of The Veronicas,The Veronicas,"Rock,Pop",0
32450,32450,4060,645,Jump Back: The Best of the Rolling Stones (1971-1993) [CD],The Rolling Stones,Pop,The Secret Life Of The Veronicas,The Veronicas,"Rock,Pop",0
32461,32461,4157,645,The Best of KC and the Sunshine Band [CD],KC & the Sunshine Band,Pop,The Secret Life Of The Veronicas,The Veronicas,"Rock,Pop",0
32462,32462,4160,645,In Search of the Lost Chord [US 2008 Bonus Tracks] [CD],The Moody Blues,Pop,The Secret Life Of The Veronicas,The Veronicas,"Rock,Pop",0
32475,32475,4209,645,Let It Rock: The Best of the Georgia Satellites [CD],The Georgia Satellites,Pop,The Secret Life Of The Veronicas,The Veronicas,"Rock,Pop",0
32489,32489,4279,645,20th Century Masters: The Millennium Collection: Best of the Moody Blues [CD],The Moody Blues,Pop,The Secret Life Of The Veronicas,The Veronicas,"Rock,Pop",0
32747,32747,2771,666,Goodbye Yellow Brick Road [LP] - VINYL,Elton John,Pop,Peachtree Road,Elton John,"Rock,Pop",0
32751,32751,3843,666,Goodbye Yellow Brick Road [CD],Elton John,Pop,Peachtree Road,Elton John,"Rock,Pop",0
32771,32771,1909,672,Until You Find Your Green [LP] - VINYL,The Baird Sisters,Pop,Green Imagination,The Sunshine Fix,"Indie,Pop",0
32781,32781,2399,673,Light Me Up [Bonus Track] [CD],The Pretty Reckless,Pop,The Cover Up,I Am The World Trade Center,"Indie,Pop",0
32786,32786,2878,673,Shake It Up [Expanded Edition] [CD],The Cars,Pop,The Cover Up,I Am The World Trade Center,"Indie,Pop",0
34072,34072,1018,701,"Too Weird to Live, Too Rare to Die! [CD]",Panic! At the Disco,Pop,Chutes Too Narrow,The Shins,"Indie,Pop",0
34079,34079,268,702,Playlist: The Very Best of the Guess Who [CD],The Guess Who,Pop,Who Will Cut Our Hair When We're Gone?,The Unicorns,"Indie,Pop",0
34082,34082,2574,702,The Who by Numbers [CD],The Who,Pop,Who Will Cut Our Hair When We're Gone?,The Unicorns,"Indie,Pop",0
34526,34526,221,732,Sounds of Summer: The Very Best of the Beach Boys [CD],The Beach Boys,Pop,The Smell Of Our Own,The Hidden Cameras,"Indie,Rock,Pop",0
34530,34530,241,732,The Punishment of Luxury [CD],Orchestral Manoeuvres in the Dark,Pop,The Smell Of Our Own,The Hidden Cameras,"Indie,Rock,Pop",0
34536,34536,258,732,Time Flies: The Best of Huey Lewis & the News [CD],Huey Lewis & the News,Pop,The Smell Of Our Own,The Hidden Cameras,"Indie,Rock,Pop",0
34537,34537,268,732,Playlist: The Very Best of the Guess Who [CD],The Guess Who,Pop,The Smell Of Our Own,The Hidden Cameras,"Indie,Rock,Pop",0
34546,34546,326,732,Best of the Mamas & the Papas: 20th Century Masters [CD],The Mamas & the Papas,Pop,The Smell Of Our Own,The Hidden Cameras,"Indie,Rock,Pop",0
34550,34550,343,732,The Very Best of the Rolling Stones 1964-1971 [CD],The Rolling Stones,Pop,The Smell Of Our Own,The Hidden Cameras,"Indie,Rock,Pop",0
34597,34597,600,732,Death of a Bachelor [LP] - VINYL,Panic! At the Disco,Pop,The Smell Of Our Own,The Hidden Cameras,"Indie,Rock,Pop",0
34617,34617,710,732,Moving in Stereo: The Best of the Cars [LP] - VINYL,The Cars,Pop,The Smell Of Our Own,The Hidden Cameras,"Indie,Rock,Pop",0
34698,34698,1305,732,Best of the Knack [CD],The Knack,Pop,The Smell Of Our Own,The Hidden Cameras,"Indie,Rock,Pop",0
34710,34710,1380,732,Moving in Stereo: The Best of the Cars [CD],The Cars,Pop,The Smell Of Our Own,The Hidden Cameras,"Indie,Rock,Pop",0
34727,34727,1546,732,Days of Future Passed: Live [CD],The Moody Blues,Pop,The Smell Of Our Own,The Hidden Cameras,"Indie,Rock,Pop",0
34728,34728,1548,732,20th Century Masters - The Millennium Collection: The Best of the Grass Roots [CD],The Grass Roots,Pop,The Smell Of Our Own,The Hidden Cameras,"Indie,Rock,Pop",0
34749,34749,1676,732,The Very Best of the Rascals [Rhino] [CD],The Rascals,Pop,The Smell Of Our Own,The Hidden Cameras,"Indie,Rock,Pop",0
34762,34762,1720,732,Best of OMD [UK Bonus Tracks] [CD],Orchestral Manoeuvres in the Dark,Pop,The Smell Of Our Own,The Hidden Cameras,"Indie,Rock,Pop",0
34763,34763,1722,732,The Very Best of Tommy James & the Shondells [CD],Tommy James & the Shondells,Pop,The Smell Of Our Own,The Hidden Cameras,"Indie,Rock,Pop",0
34764,34764,1738,732,The Very Best of the Doors [2007 2-CD] [CD],The Doors,Pop,The Smell Of Our Own,The Hidden Cameras,"Indie,Rock,Pop",0
34778,34778,1877,732,Days of Future Passed [LP] - VINYL,The Moody Blues,Pop,The Smell Of Our Own,The Hidden Cameras,"Indie,Rock,Pop",0
34779,34779,1880,732,96 Tears: The Very Best of Question Mark & the Mysterians [CD],? & the Mysterians,Pop,The Smell Of Our Own,The Hidden Cameras,"Indie,Rock,Pop",0
34798,34798,2013,732,Death of a Bachelor [CD],Panic! At the Disco,Pop,The Smell Of Our Own,The Hidden Cameras,"Indie,Rock,Pop",0
34838,34838,2356,732,Through the Years: The Best of the Fray [CD],The Fray,Pop,The Smell Of Our Own,The Hidden Cameras,"Indie,Rock,Pop",0
34906,34906,2837,732,The Very Best of the Righteous Brothers: Unchained Melody [CD],The Righteous Brothers,Pop,The Smell Of Our Own,The Hidden Cameras,"Indie,Rock,Pop",0
34917,34917,2936,732,The Very Best of Adam & the Ants: Stand & Deliver [CD],Adam and the Ants,Pop,The Smell Of Our Own,The Hidden Cameras,"Indie,Rock,Pop",0
34958,34958,3286,732,City of Sound [CD],The Revivalists,Pop,The Smell Of Our Own,The Hidden Cameras,"Indie,Rock,Pop",0
34971,34971,3363,732,The Punishment of Luxury: B Sides & Bonus Material [CD],Orchestral Manoeuvres in the Dark,Pop,The Smell Of Our Own,The Hidden Cameras,"Indie,Rock,Pop",0
34980,34980,3430,732,Playlist: The Very Best of the Turtles [CD],The Turtles,Pop,The Smell Of Our Own,The Hidden Cameras,"Indie,Rock,Pop",0
34993,34993,3530,732,The Punishment of Luxury [CD & DVD],Orchestral Manoeuvres in the Dark,Pop,The Smell Of Our Own,The Hidden Cameras,"Indie,Rock,Pop",0
35012,35012,3674,732,The Very Best of Frankie Valli & the Four Seasons [Rhino 2002] [CD],Frankie Valli & the Four Seasons,Pop,The Smell Of Our Own,The Hidden Cameras,"Indie,Rock,Pop",0
35040,35040,3845,732,Temple of the Dog [CD],Temple of the Dog,Pop,The Smell Of Our Own,The Hidden Cameras,"Indie,Rock,Pop",0
35041,35041,3848,732,Come on Get Happy: Very Best of Partridge Family [Remastered] [CD],The Partridge Family,Pop,The Smell Of Our Own,The Hidden Cameras,"Indie,Rock,Pop",0
35051,35051,3941,732,The Resistance: Rise of the Runaways [CD],Crown the Empire,Pop,The Smell Of Our Own,The Hidden Cameras,"Indie,Rock,Pop",0
35069,35069,4060,732,Jump Back: The Best of the Rolling Stones (1971-1993) [CD],The Rolling Stones,Pop,The Smell Of Our Own,The Hidden Cameras,"Indie,Rock,Pop",0
35080,35080,4157,732,The Best of KC and the Sunshine Band [CD],KC & the Sunshine Band,Pop,The Smell Of Our Own,The Hidden Cameras,"Indie,Rock,Pop",0
35081,35081,4160,732,In Search of the Lost Chord [US 2008 Bonus Tracks] [CD],The Moody Blues,Pop,The Smell Of Our Own,The Hidden Cameras,"Indie,Rock,Pop",0
35093,35093,4208,732,Elektra Years: 1978-1987 [Six-LP Set of Colored Vinyl] [LP] - VINYL,The Cars,Pop,The Smell Of Our Own,The Hidden Cameras,"Indie,Rock,Pop",0
35110,35110,4279,732,20th Century Masters: The Millennium Collection: Best of the Moody Blues [CD],The Moody Blues,Pop,The Smell Of Our Own,The Hidden Cameras,"Indie,Rock,Pop",0
35134,35134,3276,734,Sgt. Pepper's Lonely Hearts Club Band [50th Anniversary Edition Deluxe Version] [CD & DVD],The Beatles,Pop,Electric Version,The New Pornographers,"Indie,Rock,Pop",0
35288,35288,2173,745,I See You [CD],The xx,Pop,How I Learned To Write Backwards,The Aislers Set,"Indie,Pop",0
35295,35295,2781,745,I Am Human [CD],Escape the Fate,Pop,How I Learned To Write Backwards,The Aislers Set,"Indie,Pop",0
35309,35309,1488,745,How to Save a Life [CD],The Fray,Pop,How I Learned To Write Backwards,The Aislers Set,"Indie,Pop",0
35312,35312,3751,745,"How Big, How Blue, How Beautiful [Bonus Tracks] [CD]",Florence + the Machine,Pop,How I Learned To Write Backwards,The Aislers Set,"Indie,Pop",0
35477,35477,221,755,Sounds of Summer: The Very Best of the Beach Boys [CD],The Beach Boys,Pop,Son Of Evil Reindeer,The Reindeer Section,"Indie,Rock,Pop",0
35481,35481,241,755,The Punishment of Luxury [CD],Orchestral Manoeuvres in the Dark,Pop,Son Of Evil Reindeer,The Reindeer Section,"Indie,Rock,Pop",0
35501,35501,343,755,The Very Best of the Rolling Stones 1964-1971 [CD],The Rolling Stones,Pop,Son Of Evil Reindeer,The Reindeer Section,"Indie,Rock,Pop",0
35516,35516,429,755,The Battle of Los Angeles [CD] [PA],Rage Against the Machine,Pop,Son Of Evil Reindeer,The Reindeer Section,"Indie,Rock,Pop",0
35548,35548,600,755,Death of a Bachelor [LP] - VINYL,Panic! At the Disco,Pop,Son Of Evil Reindeer,The Reindeer Section,"Indie,Rock,Pop",0
35663,35663,1380,755,Moving in Stereo: The Best of the Cars [CD],The Cars,Pop,Son Of Evil Reindeer,The Reindeer Section,"Indie,Rock,Pop",0
35680,35680,1546,755,Days of Future Passed: Live [CD],The Moody Blues,Pop,Son Of Evil Reindeer,The Reindeer Section,"Indie,Rock,Pop",0
35681,35681,1548,755,20th Century Masters - The Millennium Collection: The Best of the Grass Roots [CD],The Grass Roots,Pop,Son Of Evil Reindeer,The Reindeer Section,"Indie,Rock,Pop",0
35701,35701,1675,755,Big Innings: The Best of the Outfield [CD],The Outfield,Pop,Son Of Evil Reindeer,The Reindeer Section,"Indie,Rock,Pop",0
35702,35702,1676,755,The Very Best of the Rascals [Rhino] [CD],The Rascals,Pop,Son Of Evil Reindeer,The Reindeer Section,"Indie,Rock,Pop",0
35715,35715,1720,755,Best of OMD [UK Bonus Tracks] [CD],Orchestral Manoeuvres in the Dark,Pop,Son Of Evil Reindeer,The Reindeer Section,"Indie,Rock,Pop",0
35716,35716,1722,755,The Very Best of Tommy James & the Shondells [CD],Tommy James & the Shondells,Pop,Son Of Evil Reindeer,The Reindeer Section,"Indie,Rock,Pop",0
35717,35717,1738,755,The Very Best of the Doors [2007 2-CD] [CD],The Doors,Pop,Son Of Evil Reindeer,The Reindeer Section,"Indie,Rock,Pop",0
35731,35731,1877,755,Days of Future Passed [LP] - VINYL,The Moody Blues,Pop,Son Of Evil Reindeer,The Reindeer Section,"Indie,Rock,Pop",0
35732,35732,1880,755,96 Tears: The Very Best of Question Mark & the Mysterians [CD],? & the Mysterians,Pop,Son Of Evil Reindeer,The Reindeer Section,"Indie,Rock,Pop",0
35745,35745,1951,755,The  Disfigurement of Existence [CD],Signs of the Swarm,Pop,Son Of Evil Reindeer,The Reindeer Section,"Indie,Rock,Pop",0
35751,35751,2013,755,Death of a Bachelor [CD],Panic! At the Disco,Pop,Son Of Evil Reindeer,The Reindeer Section,"Indie,Rock,Pop",0
35859,35859,2837,755,The Very Best of the Righteous Brothers: Unchained Melody [CD],The Righteous Brothers,Pop,Son Of Evil Reindeer,The Reindeer Section,"Indie,Rock,Pop",0
35911,35911,3286,755,City of Sound [CD],The Revivalists,Pop,Son Of Evil Reindeer,The Reindeer Section,"Indie,Rock,Pop",0
35924,35924,3363,755,The Punishment of Luxury: B Sides & Bonus Material [CD],Orchestral Manoeuvres in the Dark,Pop,Son Of Evil Reindeer,The Reindeer Section,"Indie,Rock,Pop",0
35933,35933,3430,755,Playlist: The Very Best of the Turtles [CD],The Turtles,Pop,Son Of Evil Reindeer,The Reindeer Section,"Indie,Rock,Pop",0
35965,35965,3674,755,The Very Best of Frankie Valli & the Four Seasons [Rhino 2002] [CD],Frankie Valli & the Four Seasons,Pop,Son Of Evil Reindeer,The Reindeer Section,"Indie,Rock,Pop",0
35993,35993,3845,755,Temple of the Dog [CD],Temple of the Dog,Pop,Son Of Evil Reindeer,The Reindeer Section,"Indie,Rock,Pop",0
35994,35994,3848,755,Come on Get Happy: Very Best of Partridge Family [Remastered] [CD],The Partridge Family,Pop,Son Of Evil Reindeer,The Reindeer Section,"Indie,Rock,Pop",0
36004,36004,3941,755,The Resistance: Rise of the Runaways [CD],Crown the Empire,Pop,Son Of Evil Reindeer,The Reindeer Section,"Indie,Rock,Pop",0
36021,36021,4052,755,The Age of Absurdity [CD],Phil Campbell & the Bastard Sons,Pop,Son Of Evil Reindeer,The Reindeer Section,"Indie,Rock,Pop",0
36022,36022,4060,755,Jump Back: The Best of the Rolling Stones (1971-1993) [CD],The Rolling Stones,Pop,Son Of Evil Reindeer,The Reindeer Section,"Indie,Rock,Pop",0
36034,36034,4160,755,In Search of the Lost Chord [US 2008 Bonus Tracks] [CD],The Moody Blues,Pop,Son Of Evil Reindeer,The Reindeer Section,"Indie,Rock,Pop",0
36046,36046,4208,755,Elektra Years: 1978-1987 [Six-LP Set of Colored Vinyl] [LP] - VINYL,The Cars,Pop,Son Of Evil Reindeer,The Reindeer Section,"Indie,Rock,Pop",0
36047,36047,4209,755,Let It Rock: The Best of the Georgia Satellites [CD],The Georgia Satellites,Pop,Son Of Evil Reindeer,The Reindeer Section,"Indie,Rock,Pop",0
36063,36063,4279,755,20th Century Masters: The Millennium Collection: Best of the Moody Blues [CD],The Moody Blues,Pop,Son Of Evil Reindeer,The Reindeer Section,"Indie,Rock,Pop",0
36074,36074,1118,755,Evil Empire [CD] [PA],Rage Against the Machine,Pop,Son Of Evil Reindeer,The Reindeer Section,"Indie,Rock,Pop",0
36741,36741,3286,759,City of Sound [CD],The Revivalists,Pop,Velocity of Sound,The Apples In Stereo,"Indie,Rock,Pop",0
36790,36790,221,759,Sounds of Summer: The Very Best of the Beach Boys [CD],The Beach Boys,Pop,Velocity of Sound,The Apples In Stereo,"Indie,Rock,Pop",0
36794,36794,241,759,The Punishment of Luxury [CD],Orchestral Manoeuvres in the Dark,Pop,Velocity of Sound,The Apples In Stereo,"Indie,Rock,Pop",0
36800,36800,258,759,Time Flies: The Best of Huey Lewis & the News [CD],Huey Lewis & the News,Pop,Velocity of Sound,The Apples In Stereo,"Indie,Rock,Pop",0
36810,36810,326,759,Best of the Mamas & the Papas: 20th Century Masters [CD],The Mamas & the Papas,Pop,Velocity of Sound,The Apples In Stereo,"Indie,Rock,Pop",0
36814,36814,343,759,The Very Best of the Rolling Stones 1964-1971 [CD],The Rolling Stones,Pop,Velocity of Sound,The Apples In Stereo,"Indie,Rock,Pop",0
36829,36829,429,759,The Battle of Los Angeles [CD] [PA],Rage Against the Machine,Pop,Velocity of Sound,The Apples In Stereo,"Indie,Rock,Pop",0
36860,36860,600,759,Death of a Bachelor [LP] - VINYL,Panic! At the Disco,Pop,Velocity of Sound,The Apples In Stereo,"Indie,Rock,Pop",0
36880,36880,710,759,Moving in Stereo: The Best of the Cars [LP] - VINYL,The Cars,Pop,Velocity of Sound,The Apples In Stereo,"Indie,Rock,Pop",0
36930,36930,1037,759,"Rise of the Blood Legion: Greatest Hits, Chapter 1 [CD & DVD]",In This Moment,Pop,Velocity of Sound,The Apples In Stereo,"Indie,Rock,Pop",0
36962,36962,1305,759,Best of the Knack [CD],The Knack,Pop,Velocity of Sound,The Apples In Stereo,"Indie,Rock,Pop",0
36974,36974,1380,759,Moving in Stereo: The Best of the Cars [CD],The Cars,Pop,Velocity of Sound,The Apples In Stereo,"Indie,Rock,Pop",0
36989,36989,1546,759,Days of Future Passed: Live [CD],The Moody Blues,Pop,Velocity of Sound,The Apples In Stereo,"Indie,Rock,Pop",0
37010,37010,1675,759,Big Innings: The Best of the Outfield [CD],The Outfield,Pop,Velocity of Sound,The Apples In Stereo,"Indie,Rock,Pop",0
37011,37011,1676,759,The Very Best of the Rascals [Rhino] [CD],The Rascals,Pop,Velocity of Sound,The Apples In Stereo,"Indie,Rock,Pop",0
37024,37024,1720,759,Best of OMD [UK Bonus Tracks] [CD],Orchestral Manoeuvres in the Dark,Pop,Velocity of Sound,The Apples In Stereo,"Indie,Rock,Pop",0
37025,37025,1722,759,The Very Best of Tommy James & the Shondells [CD],Tommy James & the Shondells,Pop,Velocity of Sound,The Apples In Stereo,"Indie,Rock,Pop",0
37026,37026,1738,759,The Very Best of the Doors [2007 2-CD] [CD],The Doors,Pop,Velocity of Sound,The Apples In Stereo,"Indie,Rock,Pop",0
37040,37040,1877,759,Days of Future Passed [LP] - VINYL,The Moody Blues,Pop,Velocity of Sound,The Apples In Stereo,"Indie,Rock,Pop",0
37041,37041,1880,759,96 Tears: The Very Best of Question Mark & the Mysterians [CD],? & the Mysterians,Pop,Velocity of Sound,The Apples In Stereo,"Indie,Rock,Pop",0
37129,37129,2575,759,The Very Best of Jay & the Americans [CD],Jay & the Americans,Pop,Velocity of Sound,The Apples In Stereo,"Indie,Rock,Pop",0
37167,37167,2837,759,The Very Best of the Righteous Brothers: Unchained Melody [CD],The Righteous Brothers,Pop,Velocity of Sound,The Apples In Stereo,"Indie,Rock,Pop",0
37178,37178,2936,759,The Very Best of Adam & the Ants: Stand & Deliver [CD],Adam and the Ants,Pop,Velocity of Sound,The Apples In Stereo,"Indie,Rock,Pop",0
37231,37231,3363,759,The Punishment of Luxury: B Sides & Bonus Material [CD],Orchestral Manoeuvres in the Dark,Pop,Velocity of Sound,The Apples In Stereo,"Indie,Rock,Pop",0
37239,37239,3430,759,Playlist: The Very Best of the Turtles [CD],The Turtles,Pop,Velocity of Sound,The Apples In Stereo,"Indie,Rock,Pop",0
37252,37252,3530,759,The Punishment of Luxury [CD & DVD],Orchestral Manoeuvres in the Dark,Pop,Velocity of Sound,The Apples In Stereo,"Indie,Rock,Pop",0
37270,37270,3674,759,The Very Best of Frankie Valli & the Four Seasons [Rhino 2002] [CD],Frankie Valli & the Four Seasons,Pop,Velocity of Sound,The Apples In Stereo,"Indie,Rock,Pop",0
37296,37296,3835,759,Jar of Flies [LP] - VINYL,Alice in Chains,Pop,Velocity of Sound,The Apples In Stereo,"Indie,Rock,Pop",0
37298,37298,3845,759,Temple of the Dog [CD],Temple of the Dog,Pop,Velocity of Sound,The Apples In Stereo,"Indie,Rock,Pop",0
37299,37299,3848,759,Come on Get Happy: Very Best of Partridge Family [Remastered] [CD],The Partridge Family,Pop,Velocity of Sound,The Apples In Stereo,"Indie,Rock,Pop",0
37309,37309,3941,759,The Resistance: Rise of the Runaways [CD],Crown the Empire,Pop,Velocity of Sound,The Apples In Stereo,"Indie,Rock,Pop",0
37326,37326,4052,759,The Age of Absurdity [CD],Phil Campbell & the Bastard Sons,Pop,Velocity of Sound,The Apples In Stereo,"Indie,Rock,Pop",0
37327,37327,4060,759,Jump Back: The Best of the Rolling Stones (1971-1993) [CD],The Rolling Stones,Pop,Velocity of Sound,The Apples In Stereo,"Indie,Rock,Pop",0
37339,37339,4160,759,In Search of the Lost Chord [US 2008 Bonus Tracks] [CD],The Moody Blues,Pop,Velocity of Sound,The Apples In Stereo,"Indie,Rock,Pop",0
37351,37351,4208,759,Elektra Years: 1978-1987 [Six-LP Set of Colored Vinyl] [LP] - VINYL,The Cars,Pop,Velocity of Sound,The Apples In Stereo,"Indie,Rock,Pop",0
37352,37352,4209,759,Let It Rock: The Best of the Georgia Satellites [CD],The Georgia Satellites,Pop,Velocity of Sound,The Apples In Stereo,"Indie,Rock,Pop",0
37368,37368,4279,759,20th Century Masters: The Millennium Collection: Best of the Moody Blues [CD],The Moody Blues,Pop,Velocity of Sound,The Apples In Stereo,"Indie,Rock,Pop",0
37416,37416,1791,763,X [CD],Def Leppard,Pop,X,Def Leppard,"Rock,Pop",1
37536,37536,1084,766,Justified [LP] - VINYL,Justin Timberlake,Pop,Justified,Justin Timberlake,Pop,1
37689,37689,1201,778,Dirty Heads [CD],Dirty Heads,Pop,Dirty Vegas,Dirty Vegas,"Pop,Electronic",1
37727,37727,3245,782,Day & Age [LP] - VINYL,The Killers,Pop,Age Of The Sun,The Sunshine Fix,"Indie,Rock,Pop",0
37730,37730,4052,782,The Age of Absurdity [CD],Phil Campbell & the Bastard Sons,Pop,Age Of The Sun,The Sunshine Fix,"Indie,Rock,Pop",0
37769,37769,221,782,Sounds of Summer: The Very Best of the Beach Boys [CD],The Beach Boys,Pop,Age Of The Sun,The Sunshine Fix,"Indie,Rock,Pop",0
37773,37773,241,782,The Punishment of Luxury [CD],Orchestral Manoeuvres in the Dark,Pop,Age Of The Sun,The Sunshine Fix,"Indie,Rock,Pop",0
37780,37780,268,782,Playlist: The Very Best of the Guess Who [CD],The Guess Who,Pop,Age Of The Sun,The Sunshine Fix,"Indie,Rock,Pop",0
37789,37789,326,782,Best of the Mamas & the Papas: 20th Century Masters [CD],The Mamas & the Papas,Pop,Age Of The Sun,The Sunshine Fix,"Indie,Rock,Pop",0
37793,37793,343,782,The Very Best of the Rolling Stones 1964-1971 [CD],The Rolling Stones,Pop,Age Of The Sun,The Sunshine Fix,"Indie,Rock,Pop",0
37807,37807,429,782,The Battle of Los Angeles [CD] [PA],Rage Against the Machine,Pop,Age Of The Sun,The Sunshine Fix,"Indie,Rock,Pop",0
37839,37839,600,782,Death of a Bachelor [LP] - VINYL,Panic! At the Disco,Pop,Age Of The Sun,The Sunshine Fix,"Indie,Rock,Pop",0
37859,37859,710,782,Moving in Stereo: The Best of the Cars [LP] - VINYL,The Cars,Pop,Age Of The Sun,The Sunshine Fix,"Indie,Rock,Pop",0
37941,37941,1305,782,Best of the Knack [CD],The Knack,Pop,Age Of The Sun,The Sunshine Fix,"Indie,Rock,Pop",0
37953,37953,1380,782,Moving in Stereo: The Best of the Cars [CD],The Cars,Pop,Age Of The Sun,The Sunshine Fix,"Indie,Rock,Pop",0
37970,37970,1546,782,Days of Future Passed: Live [CD],The Moody Blues,Pop,Age Of The Sun,The Sunshine Fix,"Indie,Rock,Pop",0
37971,37971,1548,782,20th Century Masters - The Millennium Collection: The Best of the Grass Roots [CD],The Grass Roots,Pop,Age Of The Sun,The Sunshine Fix,"Indie,Rock,Pop",0
37990,37990,1675,782,Big Innings: The Best of the Outfield [CD],The Outfield,Pop,Age Of The Sun,The Sunshine Fix,"Indie,Rock,Pop",0
37991,37991,1676,782,The Very Best of the Rascals [Rhino] [CD],The Rascals,Pop,Age Of The Sun,The Sunshine Fix,"Indie,Rock,Pop",0
38003,38003,1720,782,Best of OMD [UK Bonus Tracks] [CD],Orchestral Manoeuvres in the Dark,Pop,Age Of The Sun,The Sunshine Fix,"Indie,Rock,Pop",0
38004,38004,1722,782,The Very Best of Tommy James & the Shondells [CD],Tommy James & the Shondells,Pop,Age Of The Sun,The Sunshine Fix,"Indie,Rock,Pop",0
38005,38005,1738,782,The Very Best of the Doors [2007 2-CD] [CD],The Doors,Pop,Age Of The Sun,The Sunshine Fix,"Indie,Rock,Pop",0
38019,38019,1877,782,Days of Future Passed [LP] - VINYL,The Moody Blues,Pop,Age Of The Sun,The Sunshine Fix,"Indie,Rock,Pop",0
38020,38020,1880,782,96 Tears: The Very Best of Question Mark & the Mysterians [CD],? & the Mysterians,Pop,Age Of The Sun,The Sunshine Fix,"Indie,Rock,Pop",0
38031,38031,1951,782,The  Disfigurement of Existence [CD],Signs of the Swarm,Pop,Age Of The Sun,The Sunshine Fix,"Indie,Rock,Pop",0
38037,38037,2013,782,Death of a Bachelor [CD],Panic! At the Disco,Pop,Age Of The Sun,The Sunshine Fix,"Indie,Rock,Pop",0
38076,38076,2356,782,Through the Years: The Best of the Fray [CD],The Fray,Pop,Age Of The Sun,The Sunshine Fix,"Indie,Rock,Pop",0
38106,38106,2575,782,The Very Best of Jay & the Americans [CD],Jay & the Americans,Pop,Age Of The Sun,The Sunshine Fix,"Indie,Rock,Pop",0
38143,38143,2837,782,The Very Best of the Righteous Brothers: Unchained Melody [CD],The Righteous Brothers,Pop,Age Of The Sun,The Sunshine Fix,"Indie,Rock,Pop",0
38195,38195,3286,782,City of Sound [CD],The Revivalists,Pop,Age Of The Sun,The Sunshine Fix,"Indie,Rock,Pop",0
38208,38208,3363,782,The Punishment of Luxury: B Sides & Bonus Material [CD],Orchestral Manoeuvres in the Dark,Pop,Age Of The Sun,The Sunshine Fix,"Indie,Rock,Pop",0
38217,38217,3430,782,Playlist: The Very Best of the Turtles [CD],The Turtles,Pop,Age Of The Sun,The Sunshine Fix,"Indie,Rock,Pop",0
38277,38277,3845,782,Temple of the Dog [CD],Temple of the Dog,Pop,Age Of The Sun,The Sunshine Fix,"Indie,Rock,Pop",0
38305,38305,4060,782,Jump Back: The Best of the Rolling Stones (1971-1993) [CD],The Rolling Stones,Pop,Age Of The Sun,The Sunshine Fix,"Indie,Rock,Pop",0
38317,38317,4160,782,In Search of the Lost Chord [US 2008 Bonus Tracks] [CD],The Moody Blues,Pop,Age Of The Sun,The Sunshine Fix,"Indie,Rock,Pop",0
38330,38330,4209,782,Let It Rock: The Best of the Georgia Satellites [CD],The Georgia Satellites,Pop,Age Of The Sun,The Sunshine Fix,"Indie,Rock,Pop",0
38346,38346,4279,782,20th Century Masters: The Millennium Collection: Best of the Moody Blues [CD],The Moody Blues,Pop,Age Of The Sun,The Sunshine Fix,"Indie,Rock,Pop",0
38369,38369,4191,782,Waiting for the Sun [CD],The Doors,Pop,Age Of The Sun,The Sunshine Fix,"Indie,Rock,Pop",0
38425,38425,4160,785,In Search of the Lost Chord [US 2008 Bonus Tracks] [CD],The Moody Blues,Pop,Lost in Revelry,The Mendoza Line,"Indie,Rock,Pop",0
38441,38441,1909,787,Until You Find Your Green [LP] - VINYL,The Baird Sisters,Pop,Your Majesty,The Anniversary,"Indie,Rock,Pop",0
38451,38451,3238,787,If You Can Believe Your Eyes and Ears [CD],The Mamas & the Papas,Pop,Your Majesty,The Anniversary,"Indie,Rock,Pop",0
38452,38452,3348,787,If You Can Believe Your Eyes and Ears [CD],The Mamas & the Papas,Pop,Your Majesty,The Anniversary,"Indie,Rock,Pop",0
38662,38662,221,803,Sounds of Summer: The Very Best of the Beach Boys [CD],The Beach Boys,Pop,The Beginning Stages Of...,The Polyphonic Spree,"Indie,Rock,Pop",0
38672,38672,258,803,Time Flies: The Best of Huey Lewis & the News [CD],Huey Lewis & the News,Pop,The Beginning Stages Of...,The Polyphonic Spree,"Indie,Rock,Pop",0
38673,38673,268,803,Playlist: The Very Best of the Guess Who [CD],The Guess Who,Pop,The Beginning Stages Of...,The Polyphonic Spree,"Indie,Rock,Pop",0
38682,38682,326,803,Best of the Mamas & the Papas: 20th Century Masters [CD],The Mamas & the Papas,Pop,The Beginning Stages Of...,The Polyphonic Spree,"Indie,Rock,Pop",0
38686,38686,343,803,The Very Best of the Rolling Stones 1964-1971 [CD],The Rolling Stones,Pop,The Beginning Stages Of...,The Polyphonic Spree,"Indie,Rock,Pop",0
38733,38733,600,803,Death of a Bachelor [LP] - VINYL,Panic! At the Disco,Pop,The Beginning Stages Of...,The Polyphonic Spree,"Indie,Rock,Pop",0
38753,38753,710,803,Moving in Stereo: The Best of the Cars [LP] - VINYL,The Cars,Pop,The Beginning Stages Of...,The Polyphonic Spree,"Indie,Rock,Pop",0
38836,38836,1305,803,Best of the Knack [CD],The Knack,Pop,The Beginning Stages Of...,The Polyphonic Spree,"Indie,Rock,Pop",0
38865,38865,1546,803,Days of Future Passed: Live [CD],The Moody Blues,Pop,The Beginning Stages Of...,The Polyphonic Spree,"Indie,Rock,Pop",0
38866,38866,1548,803,20th Century Masters - The Millennium Collection: The Best of the Grass Roots [CD],The Grass Roots,Pop,The Beginning Stages Of...,The Polyphonic Spree,"Indie,Rock,Pop",0
38887,38887,1676,803,The Very Best of the Rascals [Rhino] [CD],The Rascals,Pop,The Beginning Stages Of...,The Polyphonic Spree,"Indie,Rock,Pop",0
38900,38900,1720,803,Best of OMD [UK Bonus Tracks] [CD],Orchestral Manoeuvres in the Dark,Pop,The Beginning Stages Of...,The Polyphonic Spree,"Indie,Rock,Pop",0
38902,38902,1738,803,The Very Best of the Doors [2007 2-CD] [CD],The Doors,Pop,The Beginning Stages Of...,The Polyphonic Spree,"Indie,Rock,Pop",0
38916,38916,1877,803,Days of Future Passed [LP] - VINYL,The Moody Blues,Pop,The Beginning Stages Of...,The Polyphonic Spree,"Indie,Rock,Pop",0
38917,38917,1880,803,96 Tears: The Very Best of Question Mark & the Mysterians [CD],? & the Mysterians,Pop,The Beginning Stages Of...,The Polyphonic Spree,"Indie,Rock,Pop",0
38930,38930,1951,803,The  Disfigurement of Existence [CD],Signs of the Swarm,Pop,The Beginning Stages Of...,The Polyphonic Spree,"Indie,Rock,Pop",0
38936,38936,2013,803,Death of a Bachelor [CD],Panic! At the Disco,Pop,The Beginning Stages Of...,The Polyphonic Spree,"Indie,Rock,Pop",0
38976,38976,2356,803,Through the Years: The Best of the Fray [CD],The Fray,Pop,The Beginning Stages Of...,The Polyphonic Spree,"Indie,Rock,Pop",0
39006,39006,2575,803,The Very Best of Jay & the Americans [CD],Jay & the Americans,Pop,The Beginning Stages Of...,The Polyphonic Spree,"Indie,Rock,Pop",0
39055,39055,2936,803,The Very Best of Adam & the Ants: Stand & Deliver [CD],Adam and the Ants,Pop,The Beginning Stages Of...,The Polyphonic Spree,"Indie,Rock,Pop",0
39131,39131,3530,803,The Punishment of Luxury [CD & DVD],Orchestral Manoeuvres in the Dark,Pop,The Beginning Stages Of...,The Polyphonic Spree,"Indie,Rock,Pop",0
39150,39150,3674,803,The Very Best of Frankie Valli & the Four Seasons [Rhino 2002] [CD],Frankie Valli & the Four Seasons,Pop,The Beginning Stages Of...,The Polyphonic Spree,"Indie,Rock,Pop",0
39178,39178,3845,803,Temple of the Dog [CD],Temple of the Dog,Pop,The Beginning Stages Of...,The Polyphonic Spree,"Indie,Rock,Pop",0
39179,39179,3848,803,Come on Get Happy: Very Best of Partridge Family [Remastered] [CD],The Partridge Family,Pop,The Beginning Stages Of...,The Polyphonic Spree,"Indie,Rock,Pop",0
39189,39189,3941,803,The Resistance: Rise of the Runaways [CD],Crown the Empire,Pop,The Beginning Stages Of...,The Polyphonic Spree,"Indie,Rock,Pop",0
39206,39206,4052,803,The Age of Absurdity [CD],Phil Campbell & the Bastard Sons,Pop,The Beginning Stages Of...,The Polyphonic Spree,"Indie,Rock,Pop",0
39207,39207,4060,803,Jump Back: The Best of the Rolling Stones (1971-1993) [CD],The Rolling Stones,Pop,The Beginning Stages Of...,The Polyphonic Spree,"Indie,Rock,Pop",0
39218,39218,4157,803,The Best of KC and the Sunshine Band [CD],KC & the Sunshine Band,Pop,The Beginning Stages Of...,The Polyphonic Spree,"Indie,Rock,Pop",0
39219,39219,4160,803,In Search of the Lost Chord [US 2008 Bonus Tracks] [CD],The Moody Blues,Pop,The Beginning Stages Of...,The Polyphonic Spree,"Indie,Rock,Pop",0
39231,39231,4208,803,Elektra Years: 1978-1987 [Six-LP Set of Colored Vinyl] [LP] - VINYL,The Cars,Pop,The Beginning Stages Of...,The Polyphonic Spree,"Indie,Rock,Pop",0
39232,39232,4209,803,Let It Rock: The Best of the Georgia Satellites [CD],The Georgia Satellites,Pop,The Beginning Stages Of...,The Polyphonic Spree,"Indie,Rock,Pop",0
39248,39248,4279,803,20th Century Masters: The Millennium Collection: Best of the Moody Blues [CD],The Moody Blues,Pop,The Beginning Stages Of...,The Polyphonic Spree,"Indie,Rock,Pop",0
130247,130247,1641,2153,The Very Best of the Everly Brothers [Rhino] [CD],The Everly Brothers,Country,The Felice Brothers,The Felice Brothers,"Rock,Country",0
145385,145385,3511,2413,Playlist: The Very Best of Ace of Base [CD],Ace of Base,Electronic/Dance,And Their Refinement Of The Decline,Stars Of The Lid,"Rock,Electronic",0
233955,233955,3050,3799,Give Up [LP] - VINYL,The Postal Service,Electronic/Dance,Give Up,The Postal Service,"Indie,Rock,Electronic",1
240582,240582,1244,3898,A Rush of Blood to the Head [CD],Coldplay,Pop,A Rush Of Blood To The Head,Coldplay,"Rock,Alternative,Britpop",1
240902,240902,3682,3898,A Rush of Blood to the Head [LP] - VINYL,Coldplay,Pop,A Rush Of Blood To The Head,Coldplay,"Rock,Alternative,Britpop",1
267077,267077,3586,4319,I Am Shelby Lynne [CD],Shelby Lynne,Country,I Am Shelby Lynne,Shelby Lynne,"Rock,Country",1
